CREATE DATABASE  IF NOT EXISTS `project_management` /*!40100 DEFAULT CHARACTER SET utf8mb4 COLLATE utf8mb4_0900_ai_ci */ /*!80016 DEFAULT ENCRYPTION='N' */;
USE `project_management`;
-- MySQL dump 10.13  Distrib 8.0.27, for Win64 (x86_64)
--
-- Host: localhost    Database: project_management
-- ------------------------------------------------------
-- Server version	8.0.27

/*!40101 SET @OLD_CHARACTER_SET_CLIENT=@@CHARACTER_SET_CLIENT */;
/*!40101 SET @OLD_CHARACTER_SET_RESULTS=@@CHARACTER_SET_RESULTS */;
/*!40101 SET @OLD_COLLATION_CONNECTION=@@COLLATION_CONNECTION */;
/*!50503 SET NAMES utf8 */;
/*!40103 SET @OLD_TIME_ZONE=@@TIME_ZONE */;
/*!40103 SET TIME_ZONE='+00:00' */;
/*!40014 SET @OLD_UNIQUE_CHECKS=@@UNIQUE_CHECKS, UNIQUE_CHECKS=0 */;
/*!40014 SET @OLD_FOREIGN_KEY_CHECKS=@@FOREIGN_KEY_CHECKS, FOREIGN_KEY_CHECKS=0 */;
/*!40101 SET @OLD_SQL_MODE=@@SQL_MODE, SQL_MODE='NO_AUTO_VALUE_ON_ZERO' */;
/*!40111 SET @OLD_SQL_NOTES=@@SQL_NOTES, SQL_NOTES=0 */;

--
-- Table structure for table `tbl_issues`
--

DROP TABLE IF EXISTS `tbl_issues`;
/*!40101 SET @saved_cs_client     = @@character_set_client */;
/*!50503 SET character_set_client = utf8mb4 */;
CREATE TABLE `tbl_issues` (
  `issues_id` bigint NOT NULL AUTO_INCREMENT,
  `job_id` bigint NOT NULL,
  `issue_description` varchar(100) NOT NULL,
  `posted_by` bigint NOT NULL,
  `issue_date` datetime NOT NULL DEFAULT CURRENT_TIMESTAMP,
  `resolved_by` bigint DEFAULT NULL,
  `resolved_date` datetime DEFAULT NULL,
  `status` tinyint(1) NOT NULL DEFAULT '1',
  `is_deleted` tinyint(1) NOT NULL DEFAULT '0',
  `created_by` bigint NOT NULL,
  `created_date` datetime NOT NULL DEFAULT CURRENT_TIMESTAMP,
  `modified_by` bigint NOT NULL,
  `modified_date` datetime NOT NULL DEFAULT CURRENT_TIMESTAMP ON UPDATE CURRENT_TIMESTAMP,
  PRIMARY KEY (`issues_id`)
) ENGINE=InnoDB AUTO_INCREMENT=17 DEFAULT CHARSET=latin1;
/*!40101 SET character_set_client = @saved_cs_client */;

--
-- Dumping data for table `tbl_issues`
--

LOCK TABLES `tbl_issues` WRITE;
/*!40000 ALTER TABLE `tbl_issues` DISABLE KEYS */;
INSERT INTO `tbl_issues` VALUES (14,281,'Bearing block not received from Susee engineering. Today it will reach OHT',14,'2021-05-03 04:27:40',NULL,NULL,1,0,14,'2021-05-03 04:27:40',14,'2021-05-03 04:27:40'),(15,289,'gland plate locking screw thread retapping',20,'2021-05-04 06:18:58',NULL,NULL,1,0,20,'2021-05-04 06:18:57',20,'2021-05-04 06:18:57'),(16,290,'gland plate locking screw thread retapping',20,'2021-05-04 06:19:10',NULL,NULL,1,0,20,'2021-05-04 06:19:09',20,'2021-05-04 06:19:09');
/*!40000 ALTER TABLE `tbl_issues` ENABLE KEYS */;
UNLOCK TABLES;

--
-- Table structure for table `tbl_job_grid_columns`
--

DROP TABLE IF EXISTS `tbl_job_grid_columns`;
/*!40101 SET @saved_cs_client     = @@character_set_client */;
/*!50503 SET character_set_client = utf8mb4 */;
CREATE TABLE `tbl_job_grid_columns` (
  `job_grid_column_id` bigint NOT NULL AUTO_INCREMENT,
  `grid_columns` varchar(15) NOT NULL,
  `created_by` bigint NOT NULL,
  `created_date` datetime NOT NULL DEFAULT CURRENT_TIMESTAMP,
  `modified_by` bigint NOT NULL,
  `modified_date` datetime NOT NULL DEFAULT CURRENT_TIMESTAMP ON UPDATE CURRENT_TIMESTAMP,
  PRIMARY KEY (`job_grid_column_id`)
) ENGINE=InnoDB AUTO_INCREMENT=2 DEFAULT CHARSET=latin1;
/*!40101 SET character_set_client = @saved_cs_client */;

--
-- Dumping data for table `tbl_job_grid_columns`
--

LOCK TABLES `tbl_job_grid_columns` WRITE;
/*!40000 ALTER TABLE `tbl_job_grid_columns` DISABLE KEYS */;
INSERT INTO `tbl_job_grid_columns` VALUES (1,'11111111111111',1,'2021-03-01 06:15:28',1,'2021-05-03 09:17:10');
/*!40000 ALTER TABLE `tbl_job_grid_columns` ENABLE KEYS */;
UNLOCK TABLES;

--
-- Table structure for table `tbl_jobs`
--

DROP TABLE IF EXISTS `tbl_jobs`;
/*!40101 SET @saved_cs_client     = @@character_set_client */;
/*!50503 SET character_set_client = utf8mb4 */;
CREATE TABLE `tbl_jobs` (
  `job_id` bigint NOT NULL AUTO_INCREMENT,
  `project_id` bigint NOT NULL,
  `job_code` varchar(30) NOT NULL,
  `job_description` varchar(100) NOT NULL,
  `engineer` bigint NOT NULL,
  `project_manager` bigint DEFAULT NULL,
  `start_date` datetime NOT NULL DEFAULT CURRENT_TIMESTAMP,
  `target_date` datetime NOT NULL DEFAULT CURRENT_TIMESTAMP,
  `remark` varchar(30) DEFAULT NULL,
  `review_date` datetime DEFAULT CURRENT_TIMESTAMP,
  `status` tinyint(1) NOT NULL DEFAULT '1',
  `completion_date` datetime DEFAULT NULL,
  `is_approved` tinyint(1) NOT NULL DEFAULT '0',
  `is_declined` tinyint(1) NOT NULL DEFAULT '0',
  `is_archived` tinyint(1) DEFAULT '0',
  `is_deleted` tinyint(1) NOT NULL DEFAULT '0',
  `created_by` bigint NOT NULL,
  `created_date` datetime NOT NULL DEFAULT CURRENT_TIMESTAMP,
  `modified_by` bigint NOT NULL,
  `modified_date` datetime NOT NULL DEFAULT CURRENT_TIMESTAMP ON UPDATE CURRENT_TIMESTAMP,
  `approved_date` datetime DEFAULT NULL,
  PRIMARY KEY (`job_id`)
) ENGINE=InnoDB AUTO_INCREMENT=538 DEFAULT CHARSET=latin1;
/*!40101 SET character_set_client = @saved_cs_client */;

--
-- Dumping data for table `tbl_jobs`
--

LOCK TABLES `tbl_jobs` WRITE;
/*!40000 ALTER TABLE `tbl_jobs` DISABLE KEYS */;
INSERT INTO `tbl_jobs` VALUES (272,4,'20002M1','Flanges machining for screw feeder 1',21,NULL,'2021-05-02 18:30:00','2021-05-02 18:30:00',NULL,'2021-05-02 18:30:00',1,NULL,0,0,0,1,1,'2021-05-01 12:40:51',1,'2021-05-02 06:14:00',NULL),(273,4,'20002M2','Flanges machining for screw feeder 2',21,NULL,'2021-05-02 18:30:00','2021-05-02 18:30:00',NULL,'2021-05-02 18:30:00',1,NULL,0,0,0,1,1,'2021-05-01 12:40:51',1,'2021-05-02 06:14:04',NULL),(274,4,'20002M3','Flanges drilling for screw feeder 1',21,NULL,'2021-05-02 18:30:00','2021-05-03 18:30:00',NULL,'2021-05-03 18:30:00',1,NULL,0,0,0,1,1,'2021-05-01 12:40:51',1,'2021-05-02 06:14:10',NULL),(275,4,'20002M4','Flanges drilling for screw feeder 2',21,NULL,'2021-05-02 18:30:00','2021-05-03 18:30:00','nothing','2021-05-13 18:30:00',1,NULL,0,0,0,0,1,'2021-05-01 12:40:51',1,'2021-05-05 19:19:23',NULL),(276,4,'20002M5','Screw feeder shell rolling 1',23,NULL,'2021-05-02 18:30:00','2021-05-02 18:30:00','test','2021-11-28 18:30:00',2,NULL,0,0,0,0,1,'2021-05-01 12:40:51',1,'2021-11-28 10:09:06',NULL),(277,4,'20002M6','Screw feeder shell rolling 2',23,NULL,'2021-05-02 18:30:00','2021-05-02 18:30:00',NULL,'2021-05-02 18:30:00',2,NULL,0,0,0,0,1,'2021-05-01 12:40:51',1,'2021-05-03 08:27:03',NULL),(278,4,'20002M7','PAD plate laser cutting for screw feeder 1',23,NULL,'2021-05-02 18:30:00','2021-05-02 18:30:00',NULL,'2021-05-02 18:30:00',2,NULL,0,0,0,0,1,'2021-05-01 12:40:51',1,'2021-05-04 06:04:27',NULL),(279,4,'20002M8','PAD plate laser cutting for screw feeder 2',23,NULL,'2021-05-02 18:30:00','2021-05-02 18:30:00',NULL,'2021-05-02 18:30:00',2,NULL,0,0,0,0,1,'2021-05-01 12:40:51',1,'2021-05-04 06:04:32',NULL),(280,4,'20002M9','Transport of SF flanges, shells, pad plate to site',23,NULL,'2021-05-04 18:30:00','2021-05-04 18:30:00',NULL,'2021-05-04 18:30:00',1,NULL,0,0,0,0,1,'2021-05-01 12:40:51',1,'2021-05-01 12:40:51',NULL),(281,4,'20002M10','Assembly of Screw Conveyer 1',14,NULL,'2021-05-02 18:30:00','2021-05-02 18:30:00',NULL,'2021-05-02 18:30:00',1,NULL,0,0,0,0,1,'2021-05-01 15:32:14',1,'2021-05-01 15:32:14',NULL),(282,4,'20002M11','Assembly of Screw Conveyer 2',14,NULL,'2021-05-02 18:30:00','2021-05-03 18:30:00',NULL,'2021-05-03 18:30:00',1,NULL,0,0,0,0,1,'2021-05-01 15:32:14',1,'2021-05-01 15:32:14',NULL),(283,4,'20002M12','Assembly of Screw Conveyer 3',14,NULL,'2021-05-02 18:30:00','2021-05-03 18:30:00',NULL,'2021-05-03 18:30:00',1,NULL,0,0,0,0,1,'2021-05-01 15:32:14',1,'2021-05-01 15:32:14',NULL),(284,4,'20002M13','Assembly of Screw Conveyer 4',14,NULL,'2021-05-02 18:30:00','2021-05-04 18:30:00',NULL,'2021-05-03 18:30:00',1,NULL,0,0,0,0,1,'2021-05-01 15:32:14',1,'2021-05-01 15:32:14',NULL),(285,4,'20002M14','Testing of Screw conveyer 1',14,NULL,'2021-05-03 18:30:00','2021-05-03 18:30:00',NULL,'2021-05-03 18:30:00',1,NULL,0,0,0,0,1,'2021-05-01 15:32:14',1,'2021-05-01 15:32:14',NULL),(286,4,'20002M15','Testing of Screw conveyer 2',14,NULL,'2021-05-04 18:30:00','2021-05-04 18:30:00',NULL,'2021-05-04 18:30:00',1,NULL,0,0,0,0,1,'2021-05-01 15:32:14',1,'2021-05-01 15:32:14',NULL),(287,4,'20002M16','Testing of screw conveyer 3',14,NULL,'2021-05-04 18:30:00','2021-05-05 18:30:00',NULL,'2021-05-05 18:30:00',1,NULL,0,0,0,0,1,'2021-05-01 15:32:14',1,'2021-05-01 15:32:14',NULL),(288,4,'20002M17','Testing of screw conveyer 4',14,NULL,'2021-05-04 18:30:00','2021-05-05 18:30:00',NULL,'2021-05-05 18:30:00',1,NULL,0,0,0,0,1,'2021-05-01 15:32:14',1,'2021-05-01 15:32:14',NULL),(289,4,'20002M18','200NB RAV1 Assembly and Testing',20,NULL,'2021-05-02 18:30:00','2021-05-02 18:30:00',NULL,'2021-05-02 18:30:00',2,NULL,0,0,0,0,1,'2021-05-01 15:32:14',1,'2021-05-04 06:18:21',NULL),(290,4,'20002M19','200NB RAV2 Assembly and Testing',20,NULL,'2021-05-02 18:30:00','2021-05-02 18:30:00',NULL,'2021-05-02 18:30:00',2,NULL,0,0,0,0,1,'2021-05-01 15:32:14',1,'2021-05-04 06:19:03',NULL),(291,4,'20002M20','200NB RAV3 Assembly and Testing',20,NULL,'2021-05-02 18:30:00','2021-05-03 18:30:00',NULL,'2021-05-03 18:30:00',2,NULL,0,0,0,0,1,'2021-05-01 15:32:14',1,'2021-05-04 06:19:30',NULL),(292,4,'20002M21','200NB RAV4 Assembly and Testing',20,NULL,'2021-05-02 18:30:00','2021-05-03 18:30:00',NULL,'2021-05-03 18:30:00',2,NULL,0,0,0,0,1,'2021-05-01 15:32:14',1,'2021-05-04 06:19:33',NULL),(293,4,'20002M22','250NB RAV1 Assembly and Testing',20,NULL,'2021-05-02 18:30:00','2021-05-04 18:30:00',NULL,'2021-05-04 18:30:00',1,NULL,0,0,0,0,1,'2021-05-01 15:32:14',1,'2021-05-01 15:32:14',NULL),(294,4,'20002M23','250NB RAV2 Assembly and Testing',20,NULL,'2021-05-02 18:30:00','2021-05-04 18:30:00',NULL,'2021-05-04 18:30:00',1,NULL,0,0,0,0,1,'2021-05-01 15:32:14',1,'2021-05-01 15:32:14',NULL),(295,4,'20002M24','250NB RAV3 Assembly and Testing',20,NULL,'2021-05-02 18:30:00','2021-05-05 18:30:00',NULL,'2021-05-05 18:30:00',1,NULL,0,0,0,0,1,'2021-05-01 15:32:14',1,'2021-05-01 15:32:14',NULL),(296,4,'20002M25','250NB RAV3 Assembly and Testing',20,NULL,'2021-05-02 18:30:00','2021-05-05 18:30:00',NULL,'2021-05-05 18:30:00',1,NULL,0,0,0,0,1,'2021-05-01 15:32:14',1,'2021-05-01 15:32:14',NULL),(297,4,'20002M26','Screw Feeder Profile bending',23,NULL,'2021-05-02 18:30:00','2021-05-02 18:30:00',NULL,'2021-05-02 18:30:00',2,NULL,0,0,0,0,1,'2021-05-01 15:32:14',1,'2021-05-03 07:32:22',NULL),(298,4,'20002M27','Screw Feeder Bearing Block 1',23,NULL,'2021-05-02 18:30:00','2021-05-07 18:30:00',NULL,'2021-05-05 18:30:00',2,NULL,0,0,0,0,1,'2021-05-01 15:32:14',1,'2021-05-04 03:52:39',NULL),(299,4,'20002M28','Screw Feeder Bearing Block 1',23,NULL,'2021-05-02 18:30:00','2021-05-09 18:30:00',NULL,'2021-05-05 18:30:00',2,NULL,0,0,0,0,1,'2021-05-01 15:32:14',1,'2021-05-04 03:52:45',NULL),(300,4,'20002M29','Spin Table Bearing block 1',23,NULL,'2021-05-02 18:30:00','2021-05-07 18:30:00',NULL,'2021-05-06 18:30:00',1,NULL,0,0,0,0,1,'2021-05-01 15:32:14',1,'2021-05-01 15:32:14',NULL),(301,4,'20002M30','Spin Table Bearing block 1',23,NULL,'2021-05-02 18:30:00','2021-05-12 18:30:00',NULL,'2021-05-09 18:30:00',1,NULL,0,0,0,0,1,'2021-05-01 15:32:14',1,'2021-05-01 15:32:14',NULL),(302,4,'20002M31','Spin Table coupling 1 ',20,NULL,'2021-05-02 18:30:00','2021-05-07 18:30:00',NULL,'2021-05-04 18:30:00',1,NULL,0,0,0,0,1,'2021-05-01 15:32:14',1,'2021-05-01 15:32:14',NULL),(303,4,'20002M32','Spin Table Coupling 2',20,NULL,'2021-05-02 18:30:00','2021-05-07 18:30:00',NULL,'2021-05-04 18:30:00',1,NULL,0,0,0,0,1,'2021-05-01 15:32:14',1,'2021-05-01 15:32:14',NULL),(304,4,'20002M33','Spin Table coupling cover',20,NULL,'2021-05-02 18:30:00','2021-05-07 18:30:00',NULL,'2021-05-04 18:30:00',1,NULL,0,0,0,0,1,'2021-05-01 15:32:14',1,'2021-05-01 15:32:14',NULL),(305,4,'20002M34','Spin Table coupling cover',20,NULL,'2021-05-02 18:30:00','2021-05-07 18:30:00',NULL,'2021-05-04 18:30:00',1,NULL,0,0,0,0,1,'2021-05-01 15:32:14',1,'2021-05-01 15:32:14',NULL),(306,4,'20002M35','PO FD fan inlet filter',18,NULL,'2021-05-02 18:30:00','2021-05-03 18:30:00',NULL,'2021-05-02 18:30:00',2,NULL,0,0,0,0,1,'2021-05-01 16:47:47',1,'2021-05-03 05:51:57',NULL),(307,4,'20002M36','GA for FD fan inlet filter',18,NULL,'2021-05-02 18:30:00','2021-05-03 18:30:00',NULL,'2021-05-02 18:30:00',2,NULL,0,0,0,0,1,'2021-05-01 16:47:47',1,'2021-05-03 13:57:17',NULL),(308,4,'20002M37','BOM for FD Fan inlet filter ',18,NULL,'2021-05-02 18:30:00','2021-05-03 18:30:00',NULL,'2021-05-02 18:30:00',2,NULL,0,0,0,0,1,'2021-05-01 16:47:47',1,'2021-05-04 10:51:39',NULL),(309,4,'20002M38','TP development drawing',14,NULL,'2021-05-02 18:30:00','2021-05-02 18:30:00',NULL,'2021-05-02 18:30:00',2,NULL,0,0,0,0,1,'2021-05-01 16:47:47',1,'2021-05-03 06:52:58',NULL),(310,4,'20002M39','PO for filter housing SS material',18,NULL,'2021-05-02 18:30:00','2021-05-03 18:30:00',NULL,'2021-05-03 18:30:00',1,NULL,0,0,0,0,1,'2021-05-01 16:47:47',1,'2021-05-01 16:47:47',NULL),(311,4,'20002M40','TP Laser cutting & Bending',18,NULL,'2021-05-06 18:30:00','2021-05-06 18:30:00',NULL,'2021-05-06 18:30:00',1,NULL,0,0,0,0,1,'2021-05-01 16:47:47',1,'2021-05-01 16:47:47',NULL),(312,4,'20002M41','FD fan inlet filter housing 1 assembly',14,NULL,'2021-05-07 18:30:00','2021-05-08 18:30:00',NULL,'2021-05-07 18:30:00',1,NULL,0,0,0,0,1,'2021-05-01 16:47:47',1,'2021-05-01 16:47:47',NULL),(313,4,'20002M42','FD fan inlet filter housing 1 assembly',14,NULL,'2021-05-07 18:30:00','2021-05-09 18:30:00',NULL,'2021-05-07 18:30:00',1,NULL,0,0,0,1,1,'2021-05-01 16:47:47',1,'2021-05-02 06:18:08',NULL),(314,15,'2020','Design Basis Document',14,NULL,'2021-05-02 18:30:00','2021-05-03 18:30:00',NULL,'2021-05-03 18:30:00',1,NULL,0,0,0,1,1,'2021-05-01 17:08:19',1,'2021-05-01 17:10:13',NULL),(315,15,'20200','Bearing block and shaft drawing',14,NULL,'2021-05-02 18:30:00','2021-05-11 18:30:00',NULL,'2021-05-04 18:30:00',1,NULL,0,0,0,1,1,'2021-05-01 17:08:19',1,'2021-05-01 17:11:14',NULL),(316,15,'202000','Table development drawing',14,NULL,'2021-05-02 18:30:00','2021-05-11 18:30:00',NULL,'2021-05-04 18:30:00',1,NULL,0,0,0,1,1,'2021-05-01 17:08:19',1,'2021-05-01 17:11:00',NULL),(317,15,'2020000','Basket drawing',14,NULL,'2021-05-02 18:30:00','2021-05-11 18:30:00',NULL,'2021-05-06 18:30:00',1,NULL,0,0,0,1,1,'2021-05-01 17:08:19',1,'2021-05-01 17:10:55',NULL),(318,15,'20200000','Centrifuge housing drawing',14,NULL,'2021-05-02 18:30:00','2021-05-11 18:30:00',NULL,'2021-05-06 18:30:00',1,NULL,0,0,0,1,1,'2021-05-01 17:08:19',1,'2021-05-01 17:10:47',NULL),(319,15,'202000000','Scrapping arrangement drawing',14,NULL,'2021-05-02 18:30:00','2021-05-11 18:30:00',NULL,'2021-05-06 18:30:00',1,NULL,0,0,0,1,1,'2021-05-01 17:08:19',1,'2021-05-01 17:10:40',NULL),(320,15,'2020000000','Feed piping drawing ',14,NULL,'2021-05-02 18:30:00','2021-05-11 18:30:00',NULL,'2021-05-09 18:30:00',1,NULL,0,0,0,1,1,'2021-05-01 17:08:19',1,'2021-05-01 17:10:34',NULL),(321,15,'20200000000','Control logic document',14,NULL,'2021-05-02 18:30:00','2021-05-11 18:30:00',NULL,'2021-05-09 18:30:00',1,NULL,0,0,0,1,1,'2021-05-01 17:08:19',1,'2021-05-01 17:10:04',NULL),(322,15,'202000000000','BOM for bought outs',14,NULL,'2021-05-02 18:30:00','2021-05-11 18:30:00',NULL,'2021-05-09 18:30:00',1,NULL,0,0,0,1,1,'2021-05-01 17:08:19',1,'2021-05-01 17:10:20',NULL),(323,15,'2020000000000','Hydrualic power pack details',14,NULL,'2021-05-02 18:30:00','2021-05-11 18:30:00',NULL,'2021-05-09 18:30:00',1,NULL,0,0,0,1,1,'2021-05-01 17:08:19',1,'2021-05-01 17:10:27',NULL),(324,15,'10202EG1','Design Basis Document',14,NULL,'2021-05-02 18:30:00','2021-05-03 18:30:00',NULL,'2021-05-03 18:30:00',1,NULL,0,0,0,1,1,'2021-05-01 17:14:32',1,'2021-05-02 06:13:55',NULL),(325,15,'10202EG2','Bearing block and shaft drawing',14,NULL,'2021-05-02 18:30:00','2021-05-11 18:30:00',NULL,'2021-05-04 18:30:00',1,NULL,0,0,0,1,1,'2021-05-01 17:14:32',1,'2021-05-02 06:18:03',NULL),(326,15,'10202EG3','Table development drawing',14,NULL,'2021-05-02 18:30:00','2021-05-11 18:30:00',NULL,'2021-05-04 18:30:00',1,NULL,0,0,0,1,1,'2021-05-01 17:14:32',1,'2021-05-02 06:17:54',NULL),(327,15,'10202EG4','Basket drawing',14,NULL,'2021-05-02 18:30:00','2021-05-11 18:30:00',NULL,'2021-05-06 18:30:00',1,NULL,0,0,0,1,1,'2021-05-01 17:14:32',1,'2021-05-02 06:17:49',NULL),(328,15,'10202EG5','Centrifuge housing drawing',14,NULL,'2021-05-02 18:30:00','2021-05-11 18:30:00',NULL,'2021-05-06 18:30:00',1,NULL,0,0,0,1,1,'2021-05-01 17:14:32',1,'2021-05-02 06:17:29',NULL),(329,15,'10202EG6','Scrapping arrangement drawing',14,NULL,'2021-05-02 18:30:00','2021-05-11 18:30:00',NULL,'2021-05-06 18:30:00',1,NULL,0,0,0,1,1,'2021-05-01 17:14:32',1,'2021-05-02 06:17:24',NULL),(330,15,'10202EG7','Feed piping drawing ',14,NULL,'2021-05-02 18:30:00','2021-05-11 18:30:00',NULL,'2021-05-09 18:30:00',1,NULL,0,0,0,1,1,'2021-05-01 17:14:32',1,'2021-05-02 06:17:18',NULL),(331,15,'10202EG8','Control logic document',14,NULL,'2021-05-02 18:30:00','2021-05-11 18:30:00',NULL,'2021-05-09 18:30:00',1,NULL,0,0,0,1,1,'2021-05-01 17:14:32',1,'2021-05-02 06:17:11',NULL),(332,15,'10202EG9','BOM for bought outs',14,NULL,'2021-05-02 18:30:00','2021-05-11 18:30:00',NULL,'2021-05-09 18:30:00',1,NULL,0,0,0,1,1,'2021-05-01 17:14:32',1,'2021-05-02 06:17:06',NULL),(333,15,'10202EG10','Hydrualic power pack details',14,NULL,'2021-05-02 18:30:00','2021-05-11 18:30:00',NULL,'2021-05-09 18:30:00',1,NULL,0,0,0,1,1,'2021-05-01 17:14:32',1,'2021-05-02 06:16:58',NULL),(334,4,'20002M42','FD fan inlet filter housing 1 assembly',14,NULL,'2021-05-07 18:30:00','2021-05-09 18:30:00',NULL,'2021-05-07 18:30:00',1,NULL,0,0,0,0,1,'2021-05-02 06:24:36',1,'2021-05-02 06:24:36',NULL),(335,4,'20002M1','Flanges machining for Screw feeder 1',21,NULL,'2021-05-02 18:30:00','2021-05-02 18:30:00',NULL,'2021-05-02 18:30:00',1,NULL,0,0,0,0,1,'2021-05-02 06:24:36',1,'2021-05-02 06:24:36',NULL),(336,4,'20002M2','Flanges machining for Screw feeder 2',21,NULL,'2021-05-02 18:30:00','2021-05-02 18:30:00',NULL,'2021-05-02 18:30:00',1,NULL,0,0,0,0,1,'2021-05-02 06:24:36',1,'2021-05-02 06:24:36',NULL),(337,4,'20002M3','Flanges drilling for screw feeder 1',21,NULL,'2021-05-03 18:30:00','2021-05-03 18:30:00',NULL,'2021-05-03 18:30:00',1,NULL,0,0,0,0,1,'2021-05-02 06:24:36',1,'2021-05-02 06:24:36',NULL),(338,15,'10202EG1','Design Basis Document',14,NULL,'2021-05-02 18:30:00','2021-05-03 18:30:00',NULL,'2021-05-03 18:30:00',1,NULL,0,0,0,1,1,'2021-05-02 06:26:01',1,'2021-05-02 06:47:29',NULL),(339,15,'10202EG2','Bearing block and shaft drawing',14,NULL,'2021-05-02 18:30:00','2021-05-11 18:30:00',NULL,'2021-05-04 18:30:00',1,NULL,0,0,0,1,1,'2021-05-02 06:26:01',1,'2021-05-02 06:47:23',NULL),(340,15,'10202EG3','Table development drawing',14,NULL,'2021-05-02 18:30:00','2021-05-11 18:30:00',NULL,'2021-05-04 18:30:00',1,NULL,0,0,0,1,1,'2021-05-02 06:26:01',1,'2021-05-02 06:47:13',NULL),(341,15,'10202EG4','Basket drawing',14,NULL,'2021-05-02 18:30:00','2021-05-11 18:30:00',NULL,'2021-05-06 18:30:00',1,NULL,0,0,0,1,1,'2021-05-02 06:26:01',1,'2021-05-02 06:47:06',NULL),(342,15,'10202EG5','Centrifuge housing drawing',14,NULL,'2021-05-02 18:30:00','2021-05-11 18:30:00',NULL,'2021-05-06 18:30:00',1,NULL,0,0,0,1,1,'2021-05-02 06:26:01',1,'2021-05-02 06:47:00',NULL),(343,15,'10202EG6','Scrapping arrangement drawing',14,NULL,'2021-05-02 18:30:00','2021-05-11 18:30:00',NULL,'2021-05-06 18:30:00',1,NULL,0,0,0,1,1,'2021-05-02 06:26:01',1,'2021-05-02 06:46:53',NULL),(344,15,'10202EG7','Feed piping drawing ',14,NULL,'2021-05-02 18:30:00','2021-05-11 18:30:00',NULL,'2021-05-09 18:30:00',1,NULL,0,0,0,1,1,'2021-05-02 06:26:01',1,'2021-05-02 06:46:48',NULL),(345,15,'10202EG8','Control logic document',14,NULL,'2021-05-02 18:30:00','2021-05-11 18:30:00',NULL,'2021-05-09 18:30:00',1,NULL,0,0,0,1,1,'2021-05-02 06:26:01',1,'2021-05-02 06:46:40',NULL),(346,15,'10202EG9','BOM for bought outs',14,NULL,'2021-05-02 18:30:00','2021-05-11 18:30:00',NULL,'2021-05-09 18:30:00',1,NULL,0,0,0,1,1,'2021-05-02 06:26:01',1,'2021-05-02 06:46:19',NULL),(347,15,'10202EG10','Hydrualic power pack details',14,NULL,'2021-05-02 18:30:00','2021-05-11 18:30:00',NULL,'2021-05-09 18:30:00',1,NULL,0,0,0,1,1,'2021-05-02 06:26:01',1,'2021-05-02 06:45:51',NULL),(348,15,'10202EG1','Design Basis Document',14,NULL,'2021-05-02 18:30:00','2021-05-03 18:30:00',NULL,'2021-05-03 18:30:00',1,NULL,0,0,0,1,1,'2021-05-02 06:48:17',1,'2021-05-02 10:03:31',NULL),(349,15,'10202EG2','Bearing block and shaft drawing',14,NULL,'2021-05-02 18:30:00','2021-05-11 18:30:00',NULL,'2021-05-04 18:30:00',1,NULL,0,0,0,1,1,'2021-05-02 06:48:17',1,'2021-05-02 10:03:22',NULL),(350,15,'10202EG3','Table development drawing',14,NULL,'2021-05-02 18:30:00','2021-05-11 18:30:00',NULL,'2021-05-04 18:30:00',1,NULL,0,0,0,1,1,'2021-05-02 06:48:17',1,'2021-05-02 10:03:16',NULL),(351,15,'10202EG4','Basket drawing',14,NULL,'2021-05-02 18:30:00','2021-05-11 18:30:00',NULL,'2021-05-06 18:30:00',1,NULL,0,0,0,1,1,'2021-05-02 06:48:17',1,'2021-05-02 10:03:11',NULL),(352,15,'10202EG5','Centrifuge housing drawing',14,NULL,'2021-05-02 18:30:00','2021-05-11 18:30:00',NULL,'2021-05-06 18:30:00',1,NULL,0,0,0,1,1,'2021-05-02 06:48:17',1,'2021-05-02 10:03:05',NULL),(353,15,'10202EG6','Scrapping arrangement drawing',14,NULL,'2021-05-02 18:30:00','2021-05-11 18:30:00',NULL,'2021-05-06 18:30:00',1,NULL,0,0,0,1,1,'2021-05-02 06:48:17',1,'2021-05-02 10:02:55',NULL),(354,15,'10202EG7','Feed piping drawing ',14,NULL,'2021-05-02 18:30:00','2021-05-11 18:30:00',NULL,'2021-05-09 18:30:00',1,NULL,0,0,0,1,1,'2021-05-02 06:48:17',1,'2021-05-02 10:02:48',NULL),(355,15,'10202EG8','Control logic document',14,NULL,'2021-05-02 18:30:00','2021-05-11 18:30:00',NULL,'2021-05-09 18:30:00',1,NULL,0,0,0,1,1,'2021-05-02 06:48:17',1,'2021-05-02 10:02:41',NULL),(356,15,'10202EG9','BOM for bought outs',14,NULL,'2021-05-02 18:30:00','2021-05-11 18:30:00',NULL,'2021-05-09 18:30:00',1,NULL,0,0,0,1,1,'2021-05-02 06:48:17',1,'2021-05-02 10:02:26',NULL),(357,15,'10202EG10','Hydrualic power pack details',14,NULL,'2021-05-02 18:30:00','2021-05-11 18:30:00',NULL,'2021-05-09 18:30:00',1,NULL,0,0,0,1,1,'2021-05-02 06:48:17',1,'2021-05-02 10:01:55',NULL),(358,5,'20004M1','BOM for Structure material for VP base frame',22,NULL,'2021-05-02 18:30:00','2021-05-02 18:30:00',NULL,'2021-05-02 18:30:00',1,NULL,0,0,0,0,1,'2021-05-02 10:04:06',1,'2021-05-02 10:04:06',NULL),(359,5,'20004M2','Material identification for ATFD Rotaor',22,NULL,'2021-05-02 18:30:00','2021-05-02 18:30:00',NULL,'2021-05-02 18:30:00',1,NULL,0,0,0,0,1,'2021-05-02 10:04:06',1,'2021-05-02 10:04:06',NULL),(360,5,'20004M3','Material identification VP base frame',22,NULL,'2021-05-02 18:30:00','2021-05-02 18:30:00',NULL,'2021-05-02 18:30:00',1,NULL,0,0,0,0,1,'2021-05-02 10:04:06',1,'2021-05-02 10:04:06',NULL),(361,5,'20004M4','Shortage  material purchse for VP base frame ',22,NULL,'2021-05-02 18:30:00','2021-05-02 18:30:00',NULL,'2021-05-02 18:30:00',1,NULL,0,0,0,0,1,'2021-05-02 10:04:06',1,'2021-05-02 10:04:06',NULL),(362,5,'20004M5','Material identification for Seal water piping',22,NULL,'2021-05-02 18:30:00','2021-05-02 18:30:00',NULL,'2021-05-02 18:30:00',2,NULL,0,0,0,0,1,'2021-05-02 10:04:06',1,'2021-05-04 04:39:59',NULL),(363,5,'20004M6','Material identification for CIP piping',22,NULL,'2021-05-02 18:30:00','2021-05-02 18:30:00',NULL,'2021-05-02 18:30:00',1,NULL,0,0,0,0,1,'2021-05-02 10:04:06',1,'2021-05-02 10:04:06',NULL),(364,5,'20004M7','Material identification for Vaccum piping',22,NULL,'2021-05-02 18:30:00','2021-05-02 18:30:00',NULL,'2021-05-02 18:30:00',1,NULL,0,0,0,0,1,'2021-05-02 10:04:06',1,'2021-05-02 10:04:06',NULL),(365,5,'20004M8','Locating seal water tank',22,NULL,'2021-05-02 18:30:00','2021-05-02 18:30:00',NULL,'2021-05-02 18:30:00',1,NULL,0,0,0,0,1,'2021-05-02 10:04:06',1,'2021-05-02 10:04:06',NULL),(366,5,'20004M9','Vacuum pump structure',22,NULL,'2021-05-03 18:30:00','2021-05-03 18:30:00',NULL,'2021-05-03 18:30:00',2,NULL,0,0,0,0,1,'2021-05-02 10:04:06',1,'2021-05-04 04:40:22',NULL),(367,5,'20004M10','Vacuum piping',22,NULL,'2021-05-03 18:30:00','2021-05-03 18:30:00',NULL,'2021-05-03 18:30:00',1,NULL,0,0,0,0,1,'2021-05-02 10:04:06',1,'2021-05-02 10:04:06',NULL),(368,5,'20004M11','Seal water piping',22,NULL,'2021-05-04 18:30:00','2021-05-04 18:30:00',NULL,'2021-05-04 18:30:00',1,NULL,0,0,0,0,1,'2021-05-02 10:04:06',1,'2021-05-02 10:04:06',NULL),(369,5,'20004M12','ATFD top plate machining',22,NULL,'2021-05-05 18:30:00','2021-05-06 18:30:00',NULL,'2021-05-05 18:30:00',1,NULL,0,0,0,0,1,'2021-05-02 10:04:06',1,'2021-05-02 10:04:06',NULL),(370,5,'20004M13','ATFD bottom plate machining',22,NULL,'2021-05-05 18:30:00','2021-05-06 18:30:00',NULL,'2021-05-06 18:30:00',1,NULL,0,0,0,0,1,'2021-05-02 10:04:06',1,'2021-05-02 10:04:06',NULL),(371,5,'20004M14','ATFD Rotor parts machining',22,NULL,'2021-05-05 18:30:00','2021-05-07 18:30:00',NULL,'2021-05-06 18:30:00',1,NULL,0,0,0,0,1,'2021-05-02 10:04:06',1,'2021-05-02 10:04:06',NULL),(372,5,'20004M15','ADFE Rotor shaft parts welding',22,NULL,'2021-05-09 18:30:00','2021-05-09 18:30:00',NULL,'2021-05-09 18:30:00',1,NULL,0,0,0,0,1,'2021-05-02 10:04:06',1,'2021-05-02 10:04:06',NULL),(373,5,'20004M16','ATFD rotor shaft final machining',22,NULL,'2021-05-09 18:30:00','2021-05-11 18:30:00',NULL,'2021-05-10 18:30:00',1,NULL,0,0,0,0,1,'2021-05-02 10:04:06',1,'2021-05-02 10:04:06',NULL),(374,5,'20004M17','ATFD Jacket 1 shell seam welding',20,NULL,'2021-05-05 18:30:00','2021-05-05 18:30:00',NULL,'2021-05-05 18:30:00',1,NULL,0,0,0,0,1,'2021-05-02 10:04:06',1,'2021-05-02 10:04:06',NULL),(375,5,'20004M18','ATFD Jacket 2 shell seam welding',20,NULL,'2021-05-05 18:30:00','2021-05-05 18:30:00',NULL,'2021-05-05 18:30:00',1,NULL,0,0,0,0,1,'2021-05-02 10:04:06',1,'2021-05-02 10:04:06',NULL),(376,5,'20004M19','ATFD Jacket 3 shell seam welding',20,NULL,'2021-05-05 18:30:00','2021-05-05 18:30:00',NULL,'2021-05-05 18:30:00',1,NULL,0,0,0,0,1,'2021-05-02 10:04:06',1,'2021-05-02 10:04:06',NULL),(377,5,'20004M20','Assembly of ATFD main shells together',18,NULL,'2021-05-05 18:30:00','2021-05-05 18:30:00',NULL,'2021-05-05 18:30:00',1,NULL,0,0,0,0,1,'2021-05-02 10:04:06',1,'2021-05-02 10:04:06',NULL),(378,5,'20004M21','ATFD nozzles, flanges Material identification',18,NULL,'2021-05-05 18:30:00','2021-05-05 18:30:00',NULL,'2021-05-05 18:30:00',1,NULL,0,0,0,0,1,'2021-05-02 10:04:06',1,'2021-05-02 10:04:06',NULL),(379,5,'20004M22','Setting and welding Jacket for main shell1',18,NULL,'2021-05-06 18:30:00','2021-05-06 18:30:00',NULL,'2021-05-06 18:30:00',1,NULL,0,0,0,0,1,'2021-05-02 10:04:06',1,'2021-05-02 10:04:06',NULL),(380,5,'20004M23','Setting and welding Jacket for main shell2',18,NULL,'2021-05-06 18:30:00','2021-05-06 18:30:00',NULL,'2021-05-06 18:30:00',1,NULL,0,0,0,0,1,'2021-05-02 10:04:06',1,'2021-05-02 10:04:06',NULL),(381,5,'20004M24','Setting and welding Jacket for main shell2',18,NULL,'2021-05-06 18:30:00','2021-05-06 18:30:00',NULL,'2021-05-06 18:30:00',1,NULL,0,0,0,0,1,'2021-05-02 10:04:06',1,'2021-05-02 10:04:06',NULL),(382,5,'20004M25','Gear coupling assembly',32,NULL,'2021-05-02 18:30:00','2021-05-09 18:30:00',NULL,'2021-05-07 18:30:00',1,NULL,0,0,0,0,1,'2021-05-02 10:04:06',1,'2021-05-02 10:04:06',NULL),(383,5,'20004M26','ATFD rotor blades setting and welding',14,NULL,'2021-05-12 18:30:00','2021-05-13 18:30:00',NULL,'2021-05-12 18:30:00',1,NULL,0,0,0,0,1,'2021-05-02 10:04:06',1,'2021-05-02 10:04:06',NULL),(384,5,'20004M27','Final assembly of ATFD',14,NULL,'2021-05-12 18:30:00','2021-05-14 18:30:00',NULL,'2021-05-13 18:30:00',1,NULL,0,0,0,0,1,'2021-05-02 10:04:06',1,'2021-05-02 10:04:06',NULL),(385,5,'20004M28','ATFD Vapour piping',21,NULL,'2021-05-14 18:30:00','2021-05-16 18:30:00',NULL,'2021-05-16 18:30:00',1,NULL,0,0,0,0,1,'2021-05-02 10:04:06',1,'2021-05-02 10:04:06',NULL),(386,5,'20004M29','ATFD Bottom cone & Flange assembly',18,NULL,'2021-05-14 18:30:00','2021-05-16 18:30:00',NULL,'2021-05-16 18:30:00',1,NULL,0,0,0,0,1,'2021-05-02 10:04:06',1,'2021-05-02 10:04:06',NULL),(387,5,'20004M30','ATFD Powder collection pot',18,NULL,'2021-05-14 18:30:00','2021-05-16 18:30:00',NULL,'2021-05-16 18:30:00',1,NULL,0,0,0,0,1,'2021-05-02 10:04:06',1,'2021-05-02 10:04:06',NULL),(388,5,'20004M31','Painting for Entire skid',22,NULL,'2021-05-10 18:30:00','2021-05-10 18:30:00',NULL,'2021-05-10 18:30:00',1,NULL,0,0,0,0,1,'2021-05-02 10:04:06',1,'2021-05-02 10:04:06',NULL),(389,5,'20004M32','Control Panel receipt',18,NULL,'2021-05-05 18:30:00','2021-05-05 18:30:00',NULL,'2021-05-05 18:30:00',1,NULL,0,0,0,0,1,'2021-05-02 10:04:06',1,'2021-05-02 10:04:06',NULL),(390,15,'21201EG1','Design Basis Document',14,NULL,'2021-05-02 18:30:00','2021-05-03 18:30:00',NULL,'2021-05-03 18:30:00',1,NULL,0,0,0,1,1,'2021-05-02 10:09:01',1,'2021-05-02 11:01:49',NULL),(391,15,'21201EG2','Bearing block and shaft drawing',14,NULL,'2021-05-02 18:30:00','2021-05-11 18:30:00',NULL,'2021-05-04 18:30:00',1,NULL,0,0,0,1,1,'2021-05-02 10:09:01',1,'2021-05-02 11:00:00',NULL),(392,15,'21201EG3','Table development drawing',14,NULL,'2021-05-02 18:30:00','2021-05-11 18:30:00',NULL,'2021-05-04 18:30:00',1,NULL,0,0,0,1,1,'2021-05-02 10:09:01',1,'2021-05-02 10:59:52',NULL),(393,15,'21201EG4','Basket drawing',14,NULL,'2021-05-02 18:30:00','2021-05-11 18:30:00',NULL,'2021-05-06 18:30:00',1,NULL,0,0,0,1,1,'2021-05-02 10:09:01',1,'2021-05-02 10:59:40',NULL),(394,15,'21201EG5','Centrifuge housing drawing',14,NULL,'2021-05-02 18:30:00','2021-05-11 18:30:00',NULL,'2021-05-06 18:30:00',1,NULL,0,0,0,1,1,'2021-05-02 10:09:01',1,'2021-05-02 10:59:35',NULL),(395,15,'21201EG6','Scrapping arrangement drawing',14,NULL,'2021-05-02 18:30:00','2021-05-11 18:30:00',NULL,'2021-05-06 18:30:00',1,NULL,0,0,0,1,1,'2021-05-02 10:09:01',1,'2021-05-02 10:59:30',NULL),(396,15,'21201EG7','Feed piping drawing ',14,NULL,'2021-05-02 18:30:00','2021-05-11 18:30:00',NULL,'2021-05-09 18:30:00',1,NULL,0,0,0,1,1,'2021-05-02 10:09:01',1,'2021-05-02 10:59:25',NULL),(397,15,'21201EG8','Control logic document',14,NULL,'2021-05-02 18:30:00','2021-05-11 18:30:00',NULL,'2021-05-09 18:30:00',1,NULL,0,0,0,1,1,'2021-05-02 10:09:01',1,'2021-05-02 10:59:20',NULL),(398,15,'21201EG9','BOM for bought outs',14,NULL,'2021-05-02 18:30:00','2021-05-11 18:30:00',NULL,'2021-05-09 18:30:00',1,NULL,0,0,0,1,1,'2021-05-02 10:09:01',1,'2021-05-02 10:59:15',NULL),(399,15,'21201EG10','Hydrualic power pack details',14,NULL,'2021-05-02 18:30:00','2021-05-11 18:30:00',NULL,'2021-05-09 18:30:00',1,NULL,0,0,0,1,1,'2021-05-02 10:09:01',1,'2021-05-02 10:59:10',NULL),(400,16,'21201EG1','Design Basis Document',14,NULL,'2021-05-02 18:30:00','2021-05-03 18:30:00',NULL,'2021-05-03 18:30:00',1,NULL,0,0,0,1,1,'2021-05-02 11:03:58',1,'2021-05-02 11:08:09',NULL),(401,16,'21201EG2','Bearing block and shaft drawing',14,NULL,'2021-05-02 18:30:00','2021-05-11 18:30:00',NULL,'2021-05-04 18:30:00',1,NULL,0,0,0,1,1,'2021-05-02 11:03:58',1,'2021-05-02 11:07:54',NULL),(402,16,'21201EG3','Table development drawing',14,NULL,'2021-05-02 18:30:00','2021-05-11 18:30:00',NULL,'2021-05-04 18:30:00',1,NULL,0,0,0,1,1,'2021-05-02 11:03:58',1,'2021-05-02 11:07:48',NULL),(403,16,'21201EG4','Basket drawing',14,NULL,'2021-05-02 18:30:00','2021-05-11 18:30:00',NULL,'2021-05-06 18:30:00',1,NULL,0,0,0,1,1,'2021-05-02 11:03:58',1,'2021-05-02 11:07:45',NULL),(404,16,'21201EG5','Centrifuge housing drawing',14,NULL,'2021-05-02 18:30:00','2021-05-11 18:30:00',NULL,'2021-05-06 18:30:00',1,NULL,0,0,0,1,1,'2021-05-02 11:03:58',1,'2021-05-02 11:07:36',NULL),(405,16,'21201EG6','Scrapping arrangement drawing',14,NULL,'2021-05-02 18:30:00','2021-05-11 18:30:00',NULL,'2021-05-06 18:30:00',1,NULL,0,0,0,1,1,'2021-05-02 11:03:58',1,'2021-05-02 11:07:32',NULL),(406,16,'21201EG7','Feed piping drawing ',14,NULL,'2021-05-02 18:30:00','2021-05-11 18:30:00',NULL,'2021-05-09 18:30:00',1,NULL,0,0,0,1,1,'2021-05-02 11:03:58',1,'2021-05-02 11:07:28',NULL),(407,16,'21201EG8','Control logic document',14,NULL,'2021-05-02 18:30:00','2021-05-11 18:30:00',NULL,'2021-05-09 18:30:00',1,NULL,0,0,0,1,1,'2021-05-02 11:03:58',1,'2021-05-02 11:07:24',NULL),(408,16,'21201EG9','BOM for bought outs',14,NULL,'2021-05-02 18:30:00','2021-05-11 18:30:00',NULL,'2021-05-09 18:30:00',1,NULL,0,0,0,1,1,'2021-05-02 11:03:58',1,'2021-05-02 11:07:20',NULL),(409,16,'21201EG10','Hydrualic power pack details',14,NULL,'2021-05-02 18:30:00','2021-05-11 18:30:00',NULL,'2021-05-09 18:30:00',1,NULL,0,0,0,1,1,'2021-05-02 11:03:58',1,'2021-05-02 11:07:16',NULL),(410,10,'21201EG1','Design Basis Document',14,NULL,'2021-05-02 18:30:00','2021-05-03 18:30:00',NULL,'2021-05-03 18:30:00',2,NULL,0,0,0,0,1,'2021-05-02 11:10:41',1,'2021-05-04 04:34:01',NULL),(411,10,'21201EG2','Bearing block and shaft drawing',14,NULL,'2021-05-02 18:30:00','2021-05-11 18:30:00',NULL,'2021-05-04 18:30:00',1,NULL,0,0,0,0,1,'2021-05-02 11:10:41',1,'2021-05-02 11:10:41',NULL),(412,10,'21201EG3','Table development drawing',14,NULL,'2021-05-02 18:30:00','2021-05-11 18:30:00',NULL,'2021-05-04 18:30:00',1,NULL,0,0,0,0,1,'2021-05-02 11:10:41',1,'2021-05-02 11:10:41',NULL),(413,10,'21201EG4','Basket drawing',14,NULL,'2021-05-02 18:30:00','2021-05-11 18:30:00',NULL,'2021-05-06 18:30:00',1,NULL,0,0,0,0,1,'2021-05-02 11:10:41',1,'2021-05-02 11:10:41',NULL),(414,10,'21201EG5','Centrifuge housing drawing',14,NULL,'2021-05-02 18:30:00','2021-05-11 18:30:00',NULL,'2021-05-06 18:30:00',1,NULL,0,0,0,0,1,'2021-05-02 11:10:41',1,'2021-05-02 11:10:41',NULL),(415,10,'21201EG6','Scrapping arrangement drawing',14,NULL,'2021-05-02 18:30:00','2021-05-11 18:30:00',NULL,'2021-05-06 18:30:00',1,NULL,0,0,0,0,1,'2021-05-02 11:10:41',1,'2021-05-02 11:10:41',NULL),(416,10,'21201EG7','Feed piping drawing ',14,NULL,'2021-05-02 18:30:00','2021-05-11 18:30:00',NULL,'2021-05-09 18:30:00',1,NULL,0,0,0,0,1,'2021-05-02 11:10:41',1,'2021-05-02 11:10:41',NULL),(417,10,'21201EG8','Control logic document',14,NULL,'2021-05-02 18:30:00','2021-05-11 18:30:00',NULL,'2021-05-09 18:30:00',1,NULL,0,0,0,0,1,'2021-05-02 11:10:41',1,'2021-05-02 11:10:41',NULL),(418,10,'21201EG9','BOM for bought outs',14,NULL,'2021-05-02 18:30:00','2021-05-11 18:30:00',NULL,'2021-05-09 18:30:00',1,NULL,0,0,0,0,1,'2021-05-02 11:10:41',1,'2021-05-02 11:10:41',NULL),(419,10,'21201EG10','Hydrualic power pack details',14,NULL,'2021-05-02 18:30:00','2021-05-11 18:30:00',NULL,'2021-05-09 18:30:00',1,NULL,0,0,0,0,1,'2021-05-02 11:10:41',1,'2021-05-02 11:10:41',NULL),(420,13,'21101M1','Content List for Closet 1 ',32,NULL,'2021-05-02 18:30:00','2021-05-03 18:30:00',NULL,'2021-05-02 18:30:00',2,NULL,0,0,0,0,1,'2021-05-02 12:33:54',1,'2021-05-03 13:04:21',NULL),(421,13,'21101M2','Content List for Closet 2',32,NULL,'2021-05-02 18:30:00','2021-05-03 18:30:00',NULL,'2021-05-02 18:30:00',1,NULL,0,0,0,0,1,'2021-05-02 12:33:54',1,'2021-05-02 12:33:54',NULL),(422,13,'21101M3','Content List for Closet 3',32,NULL,'2021-05-02 18:30:00','2021-05-03 18:30:00',NULL,'2021-05-02 18:30:00',1,NULL,0,0,0,0,1,'2021-05-02 12:33:54',1,'2021-05-02 12:33:54',NULL),(423,13,'21101M4','Content List for Closet 4',32,NULL,'2021-05-02 18:30:00','2021-05-03 18:30:00',NULL,'2021-05-02 18:30:00',1,NULL,0,0,0,0,1,'2021-05-02 12:33:54',1,'2021-05-02 12:33:54',NULL),(424,13,'21101M5','Content List for Closet 5',32,NULL,'2021-05-02 18:30:00','2021-05-03 18:30:00',NULL,'2021-05-02 18:30:00',2,NULL,0,0,0,0,1,'2021-05-02 12:33:54',1,'2021-05-03 13:04:10',NULL),(425,13,'21101M6','Content List for Closet 6',32,NULL,'2021-05-02 18:30:00','2021-05-03 18:30:00',NULL,'2021-05-02 18:30:00',2,NULL,0,0,0,0,1,'2021-05-02 12:33:54',1,'2021-05-03 13:03:56',NULL),(426,13,'21101M7','Wheel purchase for A Frame',23,NULL,'2021-05-02 18:30:00','2021-05-03 18:30:00',NULL,'2021-05-02 18:30:00',2,NULL,0,0,0,0,1,'2021-05-02 12:33:54',1,'2021-05-03 13:02:40',NULL),(427,13,'21101M8','Paint purchase for A Frame',32,NULL,'2021-05-02 18:30:00','2021-05-02 18:30:00',NULL,'2021-05-02 18:30:00',2,NULL,0,0,0,0,1,'2021-05-02 12:33:54',1,'2021-05-03 13:03:27',NULL),(428,13,'21101M9','Wheel setting for A Frame',32,NULL,'2021-05-04 18:30:00','2021-05-04 18:30:00',NULL,'2021-05-04 18:30:00',1,NULL,0,0,0,0,1,'2021-05-02 12:33:54',1,'2021-05-02 12:33:54',NULL),(429,13,'21101M10','Painting for A Frame',32,NULL,'2021-05-04 18:30:00','2021-05-04 18:30:00',NULL,'2021-05-04 18:30:00',1,NULL,0,0,0,0,1,'2021-05-02 12:33:54',1,'2021-05-02 12:33:54',NULL),(430,13,'21101M11','Door Setting & Painting at plot No21',32,NULL,'2021-05-05 18:30:00','2021-05-05 18:30:00',NULL,'2021-05-05 18:30:00',1,NULL,0,0,0,0,1,'2021-05-02 12:33:54',1,'2021-05-02 12:33:54',NULL),(431,13,'21101M12','Door Setting balancing machine room',32,NULL,'2021-05-06 18:30:00','2021-05-07 18:30:00',NULL,'2021-05-07 18:30:00',1,NULL,0,0,0,0,1,'2021-05-02 12:33:54',1,'2021-05-02 12:33:54',NULL),(432,13,'21101M13','Painting for BM room doors',32,NULL,'2021-05-09 18:30:00','2021-05-09 18:30:00',NULL,'2021-05-09 18:30:00',1,NULL,0,0,0,0,1,'2021-05-02 12:33:54',1,'2021-05-02 12:33:54',NULL),(433,13,'21101M14','Painting for Toilet/bathroom doors',32,NULL,'2021-05-09 18:30:00','2021-05-09 18:30:00',NULL,'2021-05-09 18:30:00',1,NULL,0,0,0,0,1,'2021-05-02 12:33:54',1,'2021-05-02 12:33:54',NULL),(434,13,'21101M15','Prepare plant layout at Plot No 21',32,NULL,'2021-05-09 18:30:00','2021-05-09 18:30:00',NULL,'2021-05-09 18:30:00',1,NULL,0,0,0,0,1,'2021-05-02 12:33:54',1,'2021-05-02 12:33:54',NULL),(435,13,'21101M16','Locate Machines at Plot no 21',32,NULL,'2021-05-10 18:30:00','2021-05-12 18:30:00',NULL,'2021-05-11 18:30:00',1,NULL,0,0,0,0,1,'2021-05-02 12:33:54',1,'2021-05-02 12:33:54',NULL),(436,13,'21101M17','Arrange Work Bench 1 with Gas/WM/Tools',32,NULL,'2021-05-09 18:30:00','2021-05-09 18:30:00',NULL,'2021-05-09 18:30:00',1,NULL,0,0,0,0,1,'2021-05-02 12:33:54',1,'2021-05-02 12:33:54',NULL),(437,13,'21101M18','Arrange Work Bench 2 with Gas/WM/Tools',32,NULL,'2021-05-09 18:30:00','2021-05-09 18:30:00',NULL,'2021-05-09 18:30:00',1,NULL,0,0,0,0,1,'2021-05-02 12:33:54',1,'2021-05-02 12:33:54',NULL),(528,17,'10101EG1','Test Job 1',34,NULL,'2021-05-14 18:30:00','2021-06-14 18:30:00',NULL,'2021-05-07 18:30:00',2,NULL,0,0,0,0,1,'2021-05-10 18:30:41',1,'2021-05-13 08:58:25',NULL),(529,17,'10101EG2','Test Job 2',34,NULL,'2021-05-14 18:30:00','2021-06-14 18:30:00',NULL,'2021-05-07 18:30:00',1,NULL,0,0,0,0,1,'2021-05-10 18:30:41',1,'2021-05-10 18:30:41',NULL),(530,17,'10101EG3','Test Job 3',34,NULL,'2021-05-14 18:30:00','2021-06-14 18:30:00',NULL,'2021-05-07 18:30:00',1,NULL,0,0,0,0,1,'2021-05-10 18:30:41',1,'2021-05-10 18:30:41',NULL),(531,17,'10101EG4','Test Job 4',34,NULL,'2021-05-14 18:30:00','2021-06-14 18:30:00',NULL,'2021-05-07 18:30:00',1,NULL,0,0,0,0,1,'2021-05-10 18:30:41',1,'2021-05-10 18:30:41',NULL),(532,17,'10101EG5','Test Job 5',34,NULL,'2021-05-14 18:30:00','2021-06-14 18:30:00',NULL,'2021-05-07 18:30:00',1,NULL,0,0,0,0,1,'2021-05-10 18:30:41',1,'2021-05-10 18:30:41',NULL),(533,17,'10101EG6','Test Job 6',34,NULL,'2021-05-14 18:30:00','2021-06-14 18:30:00',NULL,'2021-05-07 18:30:00',1,NULL,0,0,0,0,1,'2021-05-10 18:30:41',1,'2021-05-10 18:30:41',NULL),(534,17,'10101EG7','Test Job 7',34,NULL,'2021-05-14 18:30:00','2021-06-14 18:30:00',NULL,'2021-05-07 18:30:00',1,NULL,0,0,0,0,1,'2021-05-10 18:30:41',1,'2021-05-10 18:30:41',NULL),(535,17,'10101EG8','Test Job 8',34,NULL,'2021-05-14 18:30:00','2021-06-14 18:30:00',NULL,'2021-05-07 18:30:00',1,NULL,0,0,0,0,1,'2021-05-10 18:30:41',1,'2021-05-10 18:30:41',NULL),(536,17,'10101EG9','Test Job 9',34,NULL,'2021-05-14 18:30:00','2021-06-14 18:30:00',NULL,'2021-05-07 18:30:00',1,NULL,0,0,0,0,1,'2021-05-10 18:30:41',1,'2021-05-10 18:30:41',NULL),(537,17,'10101EG10','Test Job 10',34,NULL,'2021-05-14 18:30:00','2021-06-14 18:30:00',NULL,'2021-05-07 18:30:00',1,NULL,0,0,0,0,1,'2021-05-10 18:30:41',1,'2021-05-10 18:30:41',NULL);
/*!40000 ALTER TABLE `tbl_jobs` ENABLE KEYS */;
UNLOCK TABLES;

--
-- Table structure for table `tbl_notification`
--

DROP TABLE IF EXISTS `tbl_notification`;
/*!40101 SET @saved_cs_client     = @@character_set_client */;
/*!50503 SET character_set_client = utf8mb4 */;
CREATE TABLE `tbl_notification` (
  `notification_id` bigint NOT NULL AUTO_INCREMENT,
  `title` varchar(45) NOT NULL,
  `message` varchar(100) NOT NULL,
  `from_user` bigint NOT NULL,
  `to_user` bigint NOT NULL,
  `read` tinyint(1) DEFAULT '0',
  `is_deleted` tinyint(1) NOT NULL DEFAULT '0',
  `created_by` bigint NOT NULL,
  `created_date` datetime NOT NULL DEFAULT CURRENT_TIMESTAMP,
  `modified_by` bigint NOT NULL,
  `modified_date` datetime NOT NULL DEFAULT CURRENT_TIMESTAMP ON UPDATE CURRENT_TIMESTAMP,
  `note_type` tinyint(1) DEFAULT '1',
  `job_code` varchar(45) DEFAULT NULL,
  PRIMARY KEY (`notification_id`)
) ENGINE=InnoDB AUTO_INCREMENT=711 DEFAULT CHARSET=latin1;
/*!40101 SET character_set_client = @saved_cs_client */;

--
-- Dumping data for table `tbl_notification`
--

LOCK TABLES `tbl_notification` WRITE;
/*!40000 ALTER TABLE `tbl_notification` DISABLE KEYS */;
INSERT INTO `tbl_notification` VALUES (648,'New Job','You have got 4 New jobs assigned for Project: SFD',1,21,1,0,1,'2021-05-01 12:40:51',1,'2021-05-02 17:20:48',2,''),(649,'New Job','You have got 5 New jobs assigned for Project: SFD',1,23,1,0,1,'2021-05-01 12:40:51',1,'2021-05-03 03:52:45',2,''),(650,'New Job','You have got 8 New jobs assigned for Project: SFD',1,14,1,0,1,'2021-05-01 15:32:14',1,'2021-05-03 00:45:48',2,''),(651,'New Job','You have got 12 New jobs assigned for Project: SFD',1,20,1,0,1,'2021-05-01 15:32:14',1,'2021-05-03 04:29:44',2,''),(652,'New Job','You have got 5 New jobs assigned for Project: SFD',1,23,1,0,1,'2021-05-01 15:32:14',1,'2021-05-03 03:52:45',2,''),(653,'New Job','You have got 3 New jobs assigned for Project: SFD',1,14,1,0,1,'2021-05-01 16:47:47',1,'2021-05-03 00:45:48',2,''),(654,'New Job','You have got 5 New jobs assigned for Project: SFD',1,18,1,0,1,'2021-05-01 16:47:47',1,'2021-05-03 05:05:30',2,''),(655,'New Job','You have got 10 New jobs assigned for Project: BD Centrifuge',1,14,1,0,1,'2021-05-01 17:08:19',1,'2021-05-03 00:45:48',2,''),(656,'New Job','You have got 10 New jobs assigned for Project: BD Centrifuge',1,14,1,0,1,'2021-05-01 17:14:32',1,'2021-05-03 00:45:48',2,''),(657,'New Job','You have got 1 New jobs assigned for Project: SFD',1,14,1,0,1,'2021-05-02 06:24:36',1,'2021-05-03 00:45:48',2,''),(658,'New Job','You have got 3 New jobs assigned for Project: SFD',1,21,1,0,1,'2021-05-02 06:24:36',1,'2021-05-02 17:20:48',2,''),(659,'New Job','You have got 10 New jobs assigned for Project: BD Centrifuge',1,14,1,0,1,'2021-05-02 06:26:01',1,'2021-05-03 00:45:48',2,''),(660,'New Job','You have got 10 New jobs assigned for Project: BD Centrifuge',1,14,1,0,1,'2021-05-02 06:48:17',1,'2021-05-03 00:45:48',2,''),(661,'New Job','You have got 2 New jobs assigned for Project: MEE&ATFD',1,14,1,0,1,'2021-05-02 10:04:06',1,'2021-05-03 00:45:48',2,''),(662,'New Job','You have got 8 New jobs assigned for Project: MEE&ATFD',1,18,1,0,1,'2021-05-02 10:04:06',1,'2021-05-03 05:05:30',2,''),(663,'New Job','You have got 3 New jobs assigned for Project: MEE&ATFD',1,20,1,0,1,'2021-05-02 10:04:06',1,'2021-05-03 04:29:44',2,''),(664,'New Job','You have got 1 New jobs assigned for Project: MEE&ATFD',1,21,1,0,1,'2021-05-02 10:04:06',1,'2021-05-02 17:20:48',2,''),(665,'New Job','You have got 17 New jobs assigned for Project: MEE&ATFD',1,22,1,0,1,'2021-05-02 10:04:06',1,'2021-05-03 05:04:23',2,''),(666,'New Job','You have got 1 New jobs assigned for Project: MEE&ATFD',1,32,1,0,1,'2021-05-02 10:04:06',1,'2021-05-03 05:31:07',2,''),(667,'New Job','You have got 10 New jobs assigned for Project: BD Centrifuge',1,14,1,0,1,'2021-05-02 10:09:00',1,'2021-05-03 00:45:48',2,''),(668,'New Job','You have got 10 New jobs assigned for Project: Centrifuge',1,14,1,0,1,'2021-05-02 11:03:58',1,'2021-05-03 00:45:48',2,''),(669,'New Job','You have got 10 New jobs assigned for Project: Centrifuge',1,14,1,0,1,'2021-05-02 11:10:41',1,'2021-05-03 00:45:48',2,''),(670,'New Job','You have got 1 New jobs assigned for Project: Infra',1,23,1,0,1,'2021-05-02 12:33:54',1,'2021-05-03 03:52:45',2,''),(671,'New Job','You have got 17 New jobs assigned for Project: Infra',1,32,1,0,1,'2021-05-02 12:33:54',1,'2021-05-03 05:31:07',2,''),(672,'Issue for Job','Job ID 20002M10 has a issue',14,31,1,0,14,'2021-05-03 04:27:40',14,'2021-05-03 04:58:33',3,'20002M10'),(673,'Issue for Job','Job ID 20002M18 has a issue',20,31,1,0,20,'2021-05-04 06:18:57',20,'2021-05-05 19:20:38',3,'20002M18'),(674,'Issue for Job','Job ID 20002M19 has a issue',20,31,1,0,20,'2021-05-04 06:19:09',20,'2021-05-05 19:20:38',3,'20002M19'),(675,'New Job','You have got 10 New jobs assigned for Project: SFD',1,34,1,0,1,'2021-05-04 10:40:46',1,'2021-05-05 19:19:42',2,''),(676,'New Job','You have got 10 New jobs assigned for Project: OMAX',1,34,1,0,1,'2021-05-04 10:43:15',1,'2021-05-05 19:19:42',2,''),(677,'New Job','You have got 10 New jobs assigned for Project: OMAX',1,34,1,0,1,'2021-05-04 10:57:07',1,'2021-05-05 19:19:42',2,''),(678,'Pending for approval','Job ID 10101EG6 pending for approval',34,27,1,0,34,'2021-05-05 19:07:24',34,'2021-05-05 19:20:38',3,'10101EG6'),(679,'Pending for approval','Job ID 10101EG7 pending for approval',34,27,1,0,34,'2021-05-05 19:17:37',34,'2021-05-05 19:20:38',3,'10101EG7'),(680,'Review Date Alert','Review Date is added to Job 20002M4',31,21,0,0,31,'2021-05-05 19:19:00',31,'2021-05-05 19:19:00',1,''),(681,'Job Approved Alert','Your Job ID 10101EG3 is approved',27,34,1,0,27,'2021-05-05 19:20:32',27,'2021-05-05 19:20:52',2,'10101EG3'),(682,'Job Rejection Alert','Your Job ID 10101EG4 is Rejected.',27,34,1,1,27,'2021-05-05 19:21:33',27,'2021-05-05 20:06:14',2,'10101EG4'),(683,'New Job','You have got 10 New jobs assigned for Project: OMAX',1,34,1,0,1,'2021-05-10 06:16:04',1,'2021-05-13 08:58:29',2,''),(684,'New Job','You have got 10 New jobs assigned for Project: OMAX',1,34,1,0,1,'2021-05-10 18:09:31',1,'2021-05-13 08:58:29',2,''),(685,'New Job','You have got 10 New jobs assigned for Project: SFD',1,34,1,0,1,'2021-05-10 18:13:40',1,'2021-05-13 08:58:29',2,''),(686,'New Job','You have got 10 New jobs assigned for Project: OMAX',1,34,1,0,1,'2021-05-10 18:15:31',1,'2021-05-13 08:58:29',2,''),(687,'New Job','You have got 10 New jobs assigned for Project: SFD',1,34,1,0,1,'2021-05-10 18:26:01',1,'2021-05-13 08:58:29',2,''),(688,'New Job','You have got 10 New jobs assigned for Project: OMAX',1,34,1,0,1,'2021-05-10 18:28:17',1,'2021-05-13 08:58:29',2,''),(689,'Review Date Alert','Review Date is added to Job 10101EG1',27,34,1,0,27,'2021-05-10 18:28:17',27,'2021-05-13 08:58:29',1,''),(690,'Review Date Alert','Review Date is added to Job 10101EG2',27,34,1,0,27,'2021-05-10 18:28:17',27,'2021-05-13 08:58:29',1,''),(691,'Review Date Alert','Review Date is added to Job 10101EG3',27,34,1,0,27,'2021-05-10 18:28:17',27,'2021-05-13 08:58:29',1,''),(692,'Review Date Alert','Review Date is added to Job 10101EG4',27,34,1,0,27,'2021-05-10 18:28:17',27,'2021-05-13 08:58:29',1,''),(693,'Review Date Alert','Review Date is added to Job 10101EG5',27,34,1,0,27,'2021-05-10 18:28:17',27,'2021-05-13 08:58:29',1,''),(694,'Review Date Alert','Review Date is added to Job 10101EG6',27,34,1,0,27,'2021-05-10 18:28:17',27,'2021-05-13 08:58:29',1,''),(695,'Review Date Alert','Review Date is added to Job 10101EG7',27,34,1,0,27,'2021-05-10 18:28:17',27,'2021-05-13 08:58:29',1,''),(696,'Review Date Alert','Review Date is added to Job 10101EG8',27,34,1,0,27,'2021-05-10 18:28:17',27,'2021-05-13 08:58:29',1,''),(697,'Review Date Alert','Review Date is added to Job 10101EG9',27,34,1,0,27,'2021-05-10 18:28:17',27,'2021-05-13 08:58:29',1,''),(698,'Review Date Alert','Review Date is added to Job 10101EG10',27,34,1,0,27,'2021-05-10 18:28:17',27,'2021-05-13 08:58:29',1,''),(699,'New Job','You have got 10 New jobs assigned for Project: OMAX',1,34,1,0,1,'2021-05-10 18:30:41',1,'2021-05-13 08:58:29',2,''),(700,'Review Date Alert','Review Date is added to Job 10101EG1',27,34,1,0,27,'2021-05-10 18:30:41',27,'2021-05-13 08:58:29',1,''),(701,'Review Date Alert','Review Date is added to Job 10101EG2',27,34,1,0,27,'2021-05-10 18:30:41',27,'2021-05-13 08:58:29',1,''),(702,'Review Date Alert','Review Date is added to Job 10101EG3',27,34,1,0,27,'2021-05-10 18:30:41',27,'2021-05-13 08:58:29',1,''),(703,'Review Date Alert','Review Date is added to Job 10101EG4',27,34,1,0,27,'2021-05-10 18:30:41',27,'2021-05-13 08:58:29',1,''),(704,'Review Date Alert','Review Date is added to Job 10101EG5',27,34,1,0,27,'2021-05-10 18:30:41',27,'2021-05-13 08:58:29',1,''),(705,'Review Date Alert','Review Date is added to Job 10101EG6',27,34,1,0,27,'2021-05-10 18:30:41',27,'2021-05-13 08:58:29',1,''),(706,'Review Date Alert','Review Date is added to Job 10101EG7',27,34,1,0,27,'2021-05-10 18:30:41',27,'2021-05-13 08:58:29',1,''),(707,'Review Date Alert','Review Date is added to Job 10101EG8',27,34,1,0,27,'2021-05-10 18:30:41',27,'2021-05-13 08:58:29',1,''),(708,'Review Date Alert','Review Date is added to Job 10101EG9',27,34,1,0,27,'2021-05-10 18:30:41',27,'2021-05-13 08:58:29',1,''),(709,'Review Date Alert','Review Date is added to Job 10101EG10',27,34,1,0,27,'2021-05-10 18:30:42',27,'2021-05-13 08:58:29',1,''),(710,'Review Date Alert','Review Date is added to Job 20002M5',31,23,0,0,31,'2021-11-28 10:08:58',31,'2021-11-28 10:08:58',1,'');
/*!40000 ALTER TABLE `tbl_notification` ENABLE KEYS */;
UNLOCK TABLES;

--
-- Table structure for table `tbl_project_grid_columns`
--

DROP TABLE IF EXISTS `tbl_project_grid_columns`;
/*!40101 SET @saved_cs_client     = @@character_set_client */;
/*!50503 SET character_set_client = utf8mb4 */;
CREATE TABLE `tbl_project_grid_columns` (
  `project_grid_column_id` bigint NOT NULL AUTO_INCREMENT,
  `grid_columns` varchar(15) NOT NULL,
  `created_by` bigint NOT NULL,
  `created_date` datetime NOT NULL DEFAULT CURRENT_TIMESTAMP,
  `modified_by` bigint NOT NULL,
  `modified_date` datetime NOT NULL DEFAULT CURRENT_TIMESTAMP ON UPDATE CURRENT_TIMESTAMP,
  PRIMARY KEY (`project_grid_column_id`)
) ENGINE=InnoDB AUTO_INCREMENT=2 DEFAULT CHARSET=latin1;
/*!40101 SET character_set_client = @saved_cs_client */;

--
-- Dumping data for table `tbl_project_grid_columns`
--

LOCK TABLES `tbl_project_grid_columns` WRITE;
/*!40000 ALTER TABLE `tbl_project_grid_columns` DISABLE KEYS */;
INSERT INTO `tbl_project_grid_columns` VALUES (1,'111111111111111',1,'2021-03-01 06:15:28',1,'2021-03-01 06:15:28');
/*!40000 ALTER TABLE `tbl_project_grid_columns` ENABLE KEYS */;
UNLOCK TABLES;

--
-- Table structure for table `tbl_projects`
--

DROP TABLE IF EXISTS `tbl_projects`;
/*!40101 SET @saved_cs_client     = @@character_set_client */;
/*!50503 SET character_set_client = utf8mb4 */;
CREATE TABLE `tbl_projects` (
  `project_id` bigint NOT NULL AUTO_INCREMENT,
  `project_name` varchar(100) NOT NULL,
  `project_code` varchar(100) NOT NULL,
  `project_type` varchar(100) NOT NULL,
  `client_name` varchar(100) NOT NULL,
  `client_location` varchar(100) NOT NULL,
  `project_manager` bigint NOT NULL,
  `start_date` datetime NOT NULL DEFAULT CURRENT_TIMESTAMP,
  `delivery_date` datetime NOT NULL DEFAULT CURRENT_TIMESTAMP,
  `status` tinyint(1) NOT NULL,
  `is_deleted` tinyint(1) NOT NULL DEFAULT '0',
  `created_by` bigint NOT NULL,
  `created_date` datetime NOT NULL DEFAULT CURRENT_TIMESTAMP,
  `modified_by` bigint NOT NULL,
  `modified_date` datetime NOT NULL DEFAULT CURRENT_TIMESTAMP ON UPDATE CURRENT_TIMESTAMP,
  PRIMARY KEY (`project_id`),
  KEY `project manager` (`project_manager`),
  CONSTRAINT `connect project manager` FOREIGN KEY (`project_manager`) REFERENCES `tbl_users` (`user_id`)
) ENGINE=InnoDB AUTO_INCREMENT=18 DEFAULT CHARSET=latin1;
/*!40101 SET character_set_client = @saved_cs_client */;

--
-- Dumping data for table `tbl_projects`
--

LOCK TABLES `tbl_projects` WRITE;
/*!40000 ALTER TABLE `tbl_projects` DISABLE KEYS */;
INSERT INTO `tbl_projects` VALUES (4,'MEE & ATFD','19002','EPCC','Aqua Engineers','Chennai',29,'2021-04-14 18:30:00','2021-05-14 18:30:00',1,0,1,'2021-04-15 04:36:01',1,'2021-11-29 03:55:12'),(5,'MEE&ATFD','20004','EPCC','Worth of Waste P Ltd','Kanpur',29,'2021-05-02 18:30:00','2021-05-19 18:30:00',1,0,1,'2021-04-15 04:40:10',1,'2021-05-02 09:59:40'),(6,'Two stage MVRE','18012','EPCC','Thermax / API','Belgaum',27,'2021-04-14 18:30:00','2021-04-29 18:30:00',1,0,1,'2021-04-15 04:42:52',1,'2021-04-15 04:53:37'),(7,'MEE & ATFD','19002','EPCC','Aqua Engineers','Chennai',30,'2021-04-14 18:30:00','2021-05-14 18:30:00',1,0,1,'2021-04-15 04:45:19',1,'2021-04-15 04:45:19'),(8,'MEE & ATFD','19005','EPCC','Thermax / CEAT','Nagpur',27,'2021-04-14 18:30:00','2021-05-29 18:30:00',1,0,1,'2021-04-15 04:46:35',1,'2021-04-15 04:46:35'),(9,'Single Stage MVRE & ATFD','19008','EPCC','Thermax GE','Pune',27,'2021-04-14 18:30:00','2021-04-29 18:30:00',1,0,1,'2021-04-15 04:53:10',1,'2021-05-02 10:12:03'),(10,'Centrifuge','21201','R&D','Internal','Paramakudi',33,'2021-05-02 18:30:00','2021-04-29 18:30:00',1,0,1,'2021-04-15 04:55:31',1,'2021-05-02 11:09:33'),(11,'Single Stage MVRE','21001','DEMO','Internal','Paramakudi',27,'2021-04-14 18:30:00','2021-06-29 18:30:00',1,0,1,'2021-04-15 04:56:59',1,'2021-05-01 16:34:14'),(12,'MEE, crystallizer','21002','EPCC','Aqua Engineer / BASF','Chennai',29,'2021-04-14 18:30:00','2021-06-29 18:30:00',2,1,1,'2021-04-15 04:58:27',1,'2021-05-02 11:02:16'),(13,'Infra','21101','C','Internal','Paramkudi',29,'2021-04-30 18:30:00','2021-05-30 18:30:00',1,0,1,'2021-05-01 14:51:08',1,'2021-05-02 10:06:20'),(14,'MCBlower','10201','R&D','Internal','Paramakudi',33,'2021-04-30 18:30:00','2021-06-29 18:30:00',1,1,1,'2021-05-01 14:52:22',1,'2021-05-02 10:01:17'),(15,'BD Centrifuge','21201','R&D','Internal','Paramakudi',33,'2021-04-30 18:30:00','2021-05-29 18:30:00',1,1,1,'2021-05-01 14:56:38',1,'2021-05-02 11:02:38'),(16,'Centrifuge','21201','R&D','Internal','Paramakudi',33,'2021-04-30 18:30:00','2021-06-29 18:30:00',1,1,1,'2021-05-01 14:57:44',1,'2021-05-02 11:09:53'),(17,'OMAX','10101','EPCC','John','Hyderabad',27,'2021-05-04 18:30:00','2021-05-30 18:30:00',1,0,1,'2021-05-04 10:30:00',1,'2021-05-04 10:30:00');
/*!40000 ALTER TABLE `tbl_projects` ENABLE KEYS */;
UNLOCK TABLES;

--
-- Table structure for table `tbl_review_date`
--

DROP TABLE IF EXISTS `tbl_review_date`;
/*!40101 SET @saved_cs_client     = @@character_set_client */;
/*!50503 SET character_set_client = utf8mb4 */;
CREATE TABLE `tbl_review_date` (
  `review_id` bigint NOT NULL AUTO_INCREMENT,
  `job_id` bigint NOT NULL,
  `review_date` datetime NOT NULL,
  `remark` varchar(100) DEFAULT NULL,
  `project_manager` bigint DEFAULT NULL,
  `is_deleted` tinyint(1) NOT NULL DEFAULT '0',
  `created_by` bigint NOT NULL,
  `created_date` datetime NOT NULL DEFAULT CURRENT_TIMESTAMP,
  `modified_by` bigint NOT NULL,
  `modified_date` datetime NOT NULL DEFAULT CURRENT_TIMESTAMP ON UPDATE CURRENT_TIMESTAMP,
  PRIMARY KEY (`review_id`)
) ENGINE=InnoDB AUTO_INCREMENT=42 DEFAULT CHARSET=latin1;
/*!40101 SET character_set_client = @saved_cs_client */;

--
-- Dumping data for table `tbl_review_date`
--

LOCK TABLES `tbl_review_date` WRITE;
/*!40000 ALTER TABLE `tbl_review_date` DISABLE KEYS */;
INSERT INTO `tbl_review_date` VALUES (19,275,'2021-05-13 18:30:00','nothing',1,0,1,'2021-05-05 19:19:00',1,'2021-05-05 19:19:23'),(20,508,'2021-05-19 18:30:00',NULL,NULL,0,1,'2021-05-10 18:26:01',1,'2021-05-10 18:26:01'),(21,518,'2021-05-19 18:30:00',NULL,NULL,0,1,'2021-05-10 18:28:17',1,'2021-05-10 18:28:17'),(22,519,'2021-05-19 18:30:00',NULL,NULL,0,1,'2021-05-10 18:28:17',1,'2021-05-10 18:28:17'),(23,520,'2021-05-19 18:30:00',NULL,NULL,0,1,'2021-05-10 18:28:17',1,'2021-05-10 18:28:17'),(24,521,'2021-05-19 18:30:00',NULL,NULL,0,1,'2021-05-10 18:28:17',1,'2021-05-10 18:28:17'),(25,522,'2021-05-19 18:30:00',NULL,NULL,0,1,'2021-05-10 18:28:17',1,'2021-05-10 18:28:17'),(26,523,'2021-05-19 18:30:00',NULL,NULL,0,1,'2021-05-10 18:28:17',1,'2021-05-10 18:28:17'),(27,524,'2021-05-19 18:30:00',NULL,NULL,0,1,'2021-05-10 18:28:17',1,'2021-05-10 18:28:17'),(28,525,'2021-05-19 18:30:00',NULL,NULL,0,1,'2021-05-10 18:28:17',1,'2021-05-10 18:28:17'),(29,526,'2021-05-19 18:30:00',NULL,NULL,0,1,'2021-05-10 18:28:17',1,'2021-05-10 18:28:17'),(30,527,'2021-05-19 18:30:00',NULL,NULL,0,1,'2021-05-10 18:28:17',1,'2021-05-10 18:28:17'),(31,528,'2021-05-07 18:30:00',NULL,NULL,0,1,'2021-05-10 18:30:41',1,'2021-05-10 18:30:41'),(32,529,'2021-05-07 18:30:00',NULL,NULL,0,1,'2021-05-10 18:30:41',1,'2021-05-10 18:30:41'),(33,530,'2021-05-07 18:30:00',NULL,NULL,0,1,'2021-05-10 18:30:41',1,'2021-05-10 18:30:41'),(34,531,'2021-05-07 18:30:00',NULL,NULL,0,1,'2021-05-10 18:30:41',1,'2021-05-10 18:30:41'),(35,532,'2021-05-07 18:30:00',NULL,NULL,0,1,'2021-05-10 18:30:41',1,'2021-05-10 18:30:41'),(36,533,'2021-05-07 18:30:00',NULL,NULL,0,1,'2021-05-10 18:30:41',1,'2021-05-10 18:30:41'),(37,534,'2021-05-07 18:30:00',NULL,NULL,0,1,'2021-05-10 18:30:41',1,'2021-05-10 18:30:41'),(38,535,'2021-05-07 18:30:00',NULL,NULL,0,1,'2021-05-10 18:30:41',1,'2021-05-10 18:30:41'),(39,536,'2021-05-07 18:30:00',NULL,NULL,0,1,'2021-05-10 18:30:41',1,'2021-05-10 18:30:41'),(40,537,'2021-05-07 18:30:00',NULL,NULL,0,1,'2021-05-10 18:30:42',1,'2021-05-10 18:30:42'),(41,276,'2021-11-28 18:30:00','test',1,0,1,'2021-11-28 10:08:58',1,'2021-11-28 10:09:06');
/*!40000 ALTER TABLE `tbl_review_date` ENABLE KEYS */;
UNLOCK TABLES;

--
-- Table structure for table `tbl_settings`
--

DROP TABLE IF EXISTS `tbl_settings`;
/*!40101 SET @saved_cs_client     = @@character_set_client */;
/*!50503 SET character_set_client = utf8mb4 */;
CREATE TABLE `tbl_settings` (
  `settings_id` bigint NOT NULL AUTO_INCREMENT,
  `name` varchar(255) NOT NULL,
  `description` text NOT NULL,
  `value` varchar(255) NOT NULL,
  `modified_date` timestamp NOT NULL DEFAULT CURRENT_TIMESTAMP ON UPDATE CURRENT_TIMESTAMP,
  `modified_by` bigint DEFAULT NULL,
  PRIMARY KEY (`settings_id`),
  KEY `settings_modifiedby_constraint` (`modified_by`)
) ENGINE=InnoDB AUTO_INCREMENT=3 DEFAULT CHARSET=utf8mb4 COLLATE=utf8mb4_0900_ai_ci;
/*!40101 SET character_set_client = @saved_cs_client */;

--
-- Dumping data for table `tbl_settings`
--

LOCK TABLES `tbl_settings` WRITE;
/*!40000 ALTER TABLE `tbl_settings` DISABLE KEYS */;
INSERT INTO `tbl_settings` VALUES (1,'Grid Length',' Default Grid Length','50','2021-05-04 10:52:07',1);
/*!40000 ALTER TABLE `tbl_settings` ENABLE KEYS */;
UNLOCK TABLES;

--
-- Table structure for table `tbl_users`
--

DROP TABLE IF EXISTS `tbl_users`;
/*!40101 SET @saved_cs_client     = @@character_set_client */;
/*!50503 SET character_set_client = utf8mb4 */;
CREATE TABLE `tbl_users` (
  `user_id` bigint NOT NULL AUTO_INCREMENT,
  `user_name` varchar(50) NOT NULL,
  `user_code` varchar(50) NOT NULL,
  `user_email` varchar(150) DEFAULT NULL,
  `user_phone` varchar(20) NOT NULL,
  `user_type` tinyint(1) NOT NULL,
  `password` varchar(100) NOT NULL,
  `password_reset_token` varchar(100) NOT NULL,
  `is_active` tinyint(1) NOT NULL DEFAULT '1',
  `device_id` varchar(1000) DEFAULT NULL,
  `is_verified` tinyint(1) NOT NULL DEFAULT '0',
  `is_deleted` tinyint(1) NOT NULL DEFAULT '0',
  `created_by` bigint NOT NULL,
  `created_date` datetime NOT NULL DEFAULT CURRENT_TIMESTAMP,
  `modified_by` bigint NOT NULL,
  `modified_date` datetime NOT NULL DEFAULT CURRENT_TIMESTAMP ON UPDATE CURRENT_TIMESTAMP,
  PRIMARY KEY (`user_id`)
) ENGINE=InnoDB AUTO_INCREMENT=35 DEFAULT CHARSET=latin1;
/*!40101 SET character_set_client = @saved_cs_client */;

--
-- Dumping data for table `tbl_users`
--

LOCK TABLES `tbl_users` WRITE;
/*!40000 ALTER TABLE `tbl_users` DISABLE KEYS */;
INSERT INTO `tbl_users` VALUES (1,'Nikhil','CEO','nikhil@gmail.com','9442100560',1,'$2a$10$Gea2TctrsD5V55a99PVLm.LdUdeJCZy7vIc7iat6aLsvbikjM4ylW','$2a$10$MSg3/1j3uoIIcZ5LJt3xZ.6HQPPhvfO/oWgGC0qsR2MSYll8j/Hoe',1,'fEb3YZoI6ZaFX-00p3ZhF4:APA91bGvQxSMRmgTTUvi_uToRbJB74GyChrlN4gwScxOwh0Cog0kVrrW1VzXs-UFtWY69yYpl6c_-KzOx2N937U7DWBFf7S6JiaqpeLdvIyDu_NSCOAFScjYVnbQQRZ1bzENRwemoNoJ',1,0,1,'2021-02-11 05:37:15',1,'2021-11-29 08:46:05'),(14,'K Umaramanan','S002','design@gmail.com','8940101064',3,'$2a$10$Gea2TctrsD5V55a99PVLm.LdUdeJCZy7vIc7iat6aLsvbikjM4ylW','$2a$10$NLvS381/vs3JXBb2ZJ5O6eNrDPLt7klp4didByuc3ar0pNE2Y0/fq',1,NULL,1,0,1,'2021-04-11 05:08:24',1,'2021-11-29 09:39:25'),(15,'K K RAGAVAN','S001','acounts@gmail.com','8608688361',3,'$2a$10$4Qlu9PSTo5xzBwlw5IAESuQyUZ9/5oKN9DAngsXGt/kFV0tHgWBGW','$2a$10$9xlF9U9qK5AO72Y9ciEpd.dUdSwWXOfwvcV8VytPOXGImYqL0DsvG',1,NULL,1,0,1,'2021-04-11 05:13:24',1,'2021-11-29 03:19:25'),(16,'N VIJAY','S003','manufacturing@gmail.com','8524843158',3,'$2a$10$xCInr3RNb9IKQ7Em1owKp.fsNbPaFg78DkYzIdgHkzS27CwubohFO','$2a$10$0Yxurm8ZJn/0mL089JPeVeBaWZhXNDEj9yepOqliwxH8bbU7dLqFW',1,NULL,1,0,1,'2021-04-11 05:17:37',1,'2021-11-29 03:20:53'),(17,'S Vinoth','S004','service@gmail.com','9444813550',3,'$2a$10$G3KX2ZR9zHRBtF1QWSV5e.vExDQ4pkXpMt1hQ/Wx.aoNIRhrQpg0a','$2a$10$puazmUsiAjTYoyXhF01F8ufY/CtxSffrj4dpA8V2TPaFQZqtLpXja',1,NULL,1,0,1,'2021-04-11 05:20:35',1,'2021-11-29 03:21:14'),(18,'K M Varadharajan','S005','project@gmail.com','9092945594',3,'$2a$10$DB2h1L6duDJ9GfdZMUVJx.bk9U8RWP6oEK1lIA3XgFf1PMQvh5dBC','$2a$10$hjly45AmCub/xAqhNCoZ3Omqkni2Hf9Ae4tJ1E5LIQG55r2RF65r.',1,NULL,1,0,1,'2021-04-11 05:22:46',1,'2021-11-29 03:21:27'),(19,'Rayner Pachake','S006','purchase@gmail.com','9344351987',3,'$2a$10$1uNWCBc7ns0CTAJ8tuo2q.J1JcLZ4Eyw4DRdQTpwXUDt0BF9DMd2i','$2a$10$AdmC1/yoXvIQJ.miNP2e8u.lFu1ylfWqGWn0sgUETQzYSh6Qwnnve',0,NULL,1,0,1,'2021-04-11 05:24:36',1,'2021-11-29 03:21:44'),(20,'V Manojkumar','S007','manufacturing@gmail.com','8072276643',3,'$2a$10$c8q6dcVV8g/I2jAK6GtQgOQnJKbdYGT6NA9MslC/LPXDHIvfzpO7O','$2a$10$75cOuF/9fkElZxGAYKVbb.YaqRwHKrCG/ROnEEnK4GLDnm/dq8PkK',1,NULL,1,0,1,'2021-04-11 05:27:05',1,'2021-11-29 03:21:56'),(21,'R Varatharajan','S008','service@gmail.com','9578839828',3,'$2a$10$R.udiliMc8.TvFyFo2Iwk.H2BC5se54MA0VqhOjpRuCKotS8Dh1Gu','$2a$10$kPXTw3qw1zIXt9Tt1Fr7cey8sHkUp0SmkmrUOY3O6HGcbLg1j9VIe',1,NULL,1,0,1,'2021-04-11 05:31:28',1,'2021-11-29 03:22:10'),(22,'Ajith kumar','S009','manufacturing@gmail.com','8489661303',3,'$2a$10$K5Yl/bnmsO4WU1/4dOB9x.0bu6zxOlJ1LhT2oHGmchg/jxZBDfMGS','$2a$10$j9TgCopVLfZW7R6jWLJl7Oyr3iVbPIrcA8JrgYDjOAlJULeUMtq4a',1,NULL,1,0,1,'2021-04-11 05:34:11',1,'2021-11-29 03:22:22'),(23,'Vengadeswaran','S010','manufacturing@gmail.com','7904256359',3,'$2a$10$Nk3hH1GkqAp.2ytnrgfiOu9SkVpa7UcmduNBBt8aoJMBtwEoallxa','$2a$10$QL59nYSZAZBSxW4cMHgnwuTuFLH83M46VfOM441yD5lPPdnUm5G0i',1,NULL,1,0,1,'2021-04-11 05:36:38',1,'2021-11-29 03:22:38'),(24,'Harikrishna','S011','service@gmail.com','9944658415',3,'$2a$10$Q.lkytCWyEZPI95Gf5Hr3OviGrhf7vRQ7tPnEFEBFipdC2kjdjwRq','$2a$10$luJIAvV9pZ5oGEshD4jPj.PHS5mK1T158rL7WiT/wnwS4HEWcNp9C',1,NULL,1,0,1,'2021-04-11 05:39:46',1,'2021-11-29 03:23:30'),(25,'Logesh.P.C','S012','service@gmail.com','8903151485',3,'$2a$10$7HwfY/7RzML8y7uInq6kw.pxhHEdWBUo3WcNtJ83010rQ1Ny8Xoqe','$2a$10$bUXAMaQXYk2kdLc0F3L/ku2p72Et9HmMT43RJSPdWmuDCME3J2irC',1,NULL,1,0,1,'2021-04-11 05:41:14',1,'2021-11-29 03:23:46'),(26,'Manoj Nair','S000','sales@gmail.com','9049190880',3,'$2a$10$8CFb2R7tjv0406S515STg.DJsNwKGhdUvowut./omVIHZ2NzaETdG','$2a$10$jVwvylhnG4Tmbdqnc63znumpnYBTz2iDs.ohc8DbtKp3gsAJTuNHe',1,NULL,1,0,1,'2021-04-11 05:46:41',1,'2021-11-29 03:24:37'),(27,'Varadharajan KM','EC005','project@gmail.com','7010390228',2,'$2a$10$Gea2TctrsD5V55a99PVLm.LdUdeJCZy7vIc7iat6aLsvbikjM4ylW','$2a$10$ovqcSniMrYBjKPOhQ2vnP.ydBLp46XXndI6MtAd6/Bk71E8ehWZwe',1,NULL,1,0,1,'2021-04-11 05:51:34',1,'2021-11-29 09:48:05'),(28,'Rayner Pachake','EC006','purchase@gmail.com','9344351988',2,'$2a$10$cedj4r9o9YLFbtyrGG7r7utWwkyNnAvroGdm./uTHbQejGK/TRY5i','$2a$10$jNb3Tl36K8mMhzfL3G4OKONKhgqT4en0OrmGXvIYqFRsuMEr7xLmK',0,NULL,1,0,1,'2021-04-11 05:57:13',1,'2021-11-29 03:25:02'),(29,'Manoj Kumar','EC007','manufacturing@gmail.com','9600661533',2,'$2a$10$T54X4nYDZuxu8bXJYXNTFOaJQ1PtjMjrvI5mYVNTyA7JqWQYrU7uW','$2a$10$U09d6OBgAutizBhIafSZ7.wUcWDzGS0GJCd6.rSds19D9K.SWGdWe',1,NULL,1,0,1,'2021-04-11 05:59:24',1,'2021-11-29 03:25:13'),(30,'Vinothsubramanian','EC004','service@gmail.com','8925158273',2,'$2a$10$N8iY0/ZXaDuljNFrWZWK5eXsC2FaiI1yRctl1hpxwBmbvPF6euksq','$2a$10$IVRo9UNWt8wL8thEp2H4CuvEEUVHwmEDxNjwKNvxvqAOq2zSSfc8e',1,NULL,1,0,1,'2021-04-11 06:00:38',1,'2021-11-29 03:25:37'),(31,'Vijay N','EC003','manufacturing@gmail.com','9095129198',2,'$2a$10$AdeVNoA30cK2gp/UxAJJD.Bu4cGrDrmrekG/Ys399CdCQSwNXFHKS','$2a$10$/Nw7JhNkrasEEG0sEea8HOZ4ZzKggqBkPAeCBf.PBdPPPdQou2n4e',1,NULL,1,0,1,'2021-04-11 06:02:24',1,'2021-11-29 03:25:25'),(32,'M Karthik','S013','Engineering@gmail.com','9940228628',3,'$2a$10$A6VNf89mEj.yPHqkmaYWlelfH/XjZ3hIJBg2pxs/zGCxMUlnx0VgS','$2a$10$0InKEe7ZnBVsgLYZNNIfwubrvibb8R2lMjEUPzuXgn8Ek/sTD6WBO',1,NULL,1,0,1,'2021-05-01 12:46:45',1,'2021-11-29 03:25:50'),(33,'K Umaramanan','EC002','design@gmail.com','6380241038',2,'$2a$10$k2WHqR9zJbyc5QYtFn1S/.B9cZJL2C6jVq892QsxrXGvYJO.XrTjm','$2a$10$XNP5FrSWxNJmKdXMZKA.1ekv8/CWGb5KHLd5USPpv2zjtA2x7k/j2',1,NULL,1,0,1,'2021-05-01 14:46:45',1,'2021-11-29 03:26:03'),(34,'Sachin Test','SP001','manufacturing@gmail.com','7760003307',3,'$2a$10$.LHYkjvE0SuJelph7gOuOOW5KBQwGdL8UJeBbd46wJ3XCdoe6Mc82','$2a$10$HWMRq0mMM7AIyZcJRzm0n.p/wnXMBHnwyE4YiMi0nEc7hE2GWO6.6',1,'ec4vHbRD049k3261w0dqhz:APA91bFaHDul3efDw5NyrkjlNi2vv4qczYk3NrAPEKLkcaeg7SargWir_MIgYEpEWfIJ6t_trdX-a7AOZl29o40gHxOtNq-ZukkHCTLJM44uU-YmuzFhy8NpRD9AHkRu6MLPLiRj-NBX',1,0,1,'2021-05-04 10:27:30',1,'2021-11-29 03:26:36');
/*!40000 ALTER TABLE `tbl_users` ENABLE KEYS */;
UNLOCK TABLES;
/*!40103 SET TIME_ZONE=@OLD_TIME_ZONE */;

/*!40101 SET SQL_MODE=@OLD_SQL_MODE */;
/*!40014 SET FOREIGN_KEY_CHECKS=@OLD_FOREIGN_KEY_CHECKS */;
/*!40014 SET UNIQUE_CHECKS=@OLD_UNIQUE_CHECKS */;
/*!40101 SET CHARACTER_SET_CLIENT=@OLD_CHARACTER_SET_CLIENT */;
/*!40101 SET CHARACTER_SET_RESULTS=@OLD_CHARACTER_SET_RESULTS */;
/*!40101 SET COLLATION_CONNECTION=@OLD_COLLATION_CONNECTION */;
/*!40111 SET SQL_NOTES=@OLD_SQL_NOTES */;

-- Dump completed on 2021-11-29 10:08:36
